-- ============================================
-- Sakani - Seed Data for Demo
-- ============================================
-- All users login with password: password123
-- This script inserts into auth.users directly,
-- which fires the handle_new_user trigger to
-- auto-create profiles. Then updates profiles
-- with extra fields and inserts all other data.
-- ============================================

-- ============================================
-- 1. Auth Users (15 users) → auto-creates profiles via trigger
-- ============================================

-- Admin
INSERT INTO auth.users (
  id, email, encrypted_password, email_confirmed_at, raw_user_meta_data, created_at, updated_at
) VALUES (
  'a1000000-0000-0000-0000-000000000001',
  'admin@sakani.com',
  crypt('password123', gen_salt('bf')),
  now(),
  '{"full_name": "أحمد مدير المنصة", "role": "admin"}'::jsonb,
  now() - interval '90 days',
  now() - interval '90 days'
);

-- Owners (4)
INSERT INTO auth.users (
  id, email, encrypted_password, email_confirmed_at, raw_user_meta_data, created_at, updated_at
) VALUES
('b1000000-0000-0000-0000-000000000001', 'owner1@sakani.com', crypt('password123', gen_salt('bf')), now(), '{"full_name": "محمد علي حسن", "role": "owner"}'::jsonb, now() - interval '85 days', now() - interval '85 days'),
('b1000000-0000-0000-0000-000000000002', 'owner2@sakani.com', crypt('password123', gen_salt('bf')), now(), '{"full_name": "فاطمة أحمد إبراهيم", "role": "owner"}'::jsonb, now() - interval '80 days', now() - interval '80 days'),
('b1000000-0000-0000-0000-000000000003', 'owner3@sakani.com', crypt('password123', gen_salt('bf')), now(), '{"full_name": "عبدالرحمن سعيد", "role": "owner"}'::jsonb, now() - interval '75 days', now() - interval '75 days'),
('b1000000-0000-0000-0000-000000000004', 'owner4@sakani.com', crypt('password123', gen_salt('bf')), now(), '{"full_name": "نورا خالد", "role": "owner"}'::jsonb, now() - interval '70 days', now() - interval '70 days');

-- Brokers (2)
INSERT INTO auth.users (
  id, email, encrypted_password, email_confirmed_at, raw_user_meta_data, created_at, updated_at
) VALUES
('c1000000-0000-0000-0000-000000000001', 'broker1@sakani.com', crypt('password123', gen_salt('bf')), now(), '{"full_name": "عمر فاروق عبد الله", "role": "broker"}'::jsonb, now() - interval '82 days', now() - interval '82 days'),
('c1000000-0000-0000-0000-000000000002', 'broker2@sakani.com', crypt('password123', gen_salt('bf')), now(), '{"full_name": "سارة محمود", "role": "broker"}'::jsonb, now() - interval '78 days', now() - interval '78 days');

-- Students (8)
INSERT INTO auth.users (
  id, email, encrypted_password, email_confirmed_at, raw_user_meta_data, created_at, updated_at
) VALUES
('d1000000-0000-0000-0000-000000000001', 'student1@sakani.com', crypt('password123', gen_salt('bf')), now(), '{"full_name": "خالد محمد إبراهيم", "role": "student"}'::jsonb, now() - interval '60 days', now() - interval '60 days'),
('d1000000-0000-0000-0000-000000000002', 'student2@sakani.com', crypt('password123', gen_salt('bf')), now(), '{"full_name": "ريم عبدالعزيز", "role": "student"}'::jsonb, now() - interval '55 days', now() - interval '55 days'),
('d1000000-0000-0000-0000-000000000003', 'student3@sakani.com', crypt('password123', gen_salt('bf')), now(), '{"full_name": "ياسر أحمد", "role": "student"}'::jsonb, now() - interval '50 days', now() - interval '50 days'),
('d1000000-0000-0000-0000-000000000004', 'student4@sakani.com', crypt('password123', gen_salt('bf')), now(), '{"full_name": "هدى السعيد", "role": "student"}'::jsonb, now() - interval '45 days', now() - interval '45 days'),
('d1000000-0000-0000-0000-000000000005', 'student5@sakani.com', crypt('password123', gen_salt('bf')), now(), '{"full_name": "فيصل خالد", "role": "student"}'::jsonb, now() - interval '40 days', now() - interval '40 days'),
('d1000000-0000-0000-0000-000000000006', 'student6@sakani.com', crypt('password123', gen_salt('bf')), now(), '{"full_name": "مريم حسين", "role": "student"}'::jsonb, now() - interval '35 days', now() - interval '35 days'),
('d1000000-0000-0000-0000-000000000007', 'student7@sakani.com', crypt('password123', gen_salt('bf')), now(), '{"full_name": "عثمان ناصر", "role": "student"}'::jsonb, now() - interval '30 days', now() - interval '30 days'),
('d1000000-0000-0000-0000-000000000008', 'student8@sakani.com', crypt('password123', gen_salt('bf')), now(), '{"full_name": "منى عادل", "role": "student"}'::jsonb, now() - interval '25 days', now() - interval '25 days');

-- ============================================
-- 2. Update Profiles with extra fields (trigger already created basic profiles)
-- ============================================

UPDATE profiles SET phone = '01012345678', gender = 'male', city = 'Fayoum', bio = 'مدير منصة سكني للإسكان الطلابي', is_verified = true WHERE id = 'a1000000-0000-0000-0000-000000000001';

UPDATE profiles SET phone = '01123456789', gender = 'male', city = 'Fayoum', bio = 'مالك عقارات في حي دلة والحادقة', is_verified = true WHERE id = 'b1000000-0000-0000-0000-000000000001';
UPDATE profiles SET phone = '01234567890', gender = 'female', city = 'Fayoum', bio = 'أمتلك شققاً مؤثثة بالقرب من جامعة الفيوم', is_verified = true WHERE id = 'b1000000-0000-0000-0000-000000000002';
UPDATE profiles SET phone = '01567890123', gender = 'male', city = 'Fayoum', bio = 'developer ومطور عقاري', is_verified = true WHERE id = 'b1000000-0000-0000-0000-000000000003';
UPDATE profiles SET phone = '01098765432', gender = 'female', city = 'Fayoum', bio = 'صاحبة شقق استوديو في حي المسلة', is_verified = true WHERE id = 'b1000000-0000-0000-0000-000000000004';

UPDATE profiles SET phone = '01156789012', gender = 'male', city = 'Fayoum', bio = 'وسيط عقاري متخصص في الإسكان الطلابي', is_verified = true WHERE id = 'c1000000-0000-0000-0000-000000000001';
UPDATE profiles SET phone = '01267890123', gender = 'female', city = 'Fayoum', bio = 'وسيطة عقارية - خبرة 5 سنوات', is_verified = true WHERE id = 'c1000000-0000-0000-0000-000000000002';

UPDATE profiles SET phone = '01011112233', gender = 'male', city = 'Fayoum', university = 'Fayoum University', bio = 'طالب سنة ثالثة - كلية الهندسة', is_verified = true WHERE id = 'd1000000-0000-0000-0000-000000000001';
UPDATE profiles SET phone = '01222233445', gender = 'female', city = 'Fayoum', university = 'Fayoum University', bio = 'طالبة سنة ثانية - كلية الآداب', is_verified = true WHERE id = 'd1000000-0000-0000-0000-000000000002';
UPDATE profiles SET phone = '01133344556', gender = 'male', city = 'Fayoum', university = 'Beni Suef Technological University', bio = 'طالب هندسة تكنولوجيا', is_verified = true WHERE id = 'd1000000-0000-0000-0000-000000000003';
UPDATE profiles SET phone = '01544455667', gender = 'female', city = 'Fayoum', university = 'Fayoum University', bio = 'طالبة طب أسنان', is_verified = true WHERE id = 'd1000000-0000-0000-0000-000000000004';
UPDATE profiles SET phone = '01055566778', gender = 'male', city = 'Fayoum', university = 'Fayoum University', bio = 'طالب تجارة', is_verified = true WHERE id = 'd1000000-0000-0000-0000-000000000005';
UPDATE profiles SET phone = '01266677889', gender = 'female', city = 'Fayoum', university = 'Beni Suef Technological University', bio = 'طالبة حاسب آلي', is_verified = true WHERE id = 'd1000000-0000-0000-0000-000000000006';
UPDATE profiles SET phone = '01177788990', gender = 'male', city = 'Fayoum', university = 'Fayoum University', bio = 'طالب هندسة مدنية', is_verified = true WHERE id = 'd1000000-0000-0000-0000-000000000007';
UPDATE profiles SET phone = '01588899001', gender = 'female', city = 'Fayoum', university = 'Fayoum University', bio = 'طالبة تربية', is_verified = true WHERE id = 'd1000000-0000-0000-0000-000000000008';

-- ============================================
-- 3. Apartments (29 units)
-- ============================================

INSERT INTO apartments (id, owner_id, title, description, city, neighborhood, address, price, apartment_type, bedrooms, bathrooms, area, wifi, electricity, water, gas, amenities, views, is_available, is_featured, status, published_at, created_at) VALUES

-- Owner 1 (محمد علي) - 8 apartments
('e1000000-0000-0000-0000-000000000001', 'b1000000-0000-0000-0000-000000000001', 'شقة مفروشة بالكامل في دلة', 'شقة راقية مفروشة بالكامل على بعد 5 دقائق من جامعة الفيوم. تحتوي على غرفة نوم مع سرير مزدوج، صالة معيشة، مطبخ مجهز بالكامل، حمام واحد مع سخان مياه. الشقة في عمارة آمنة مع مصعد.', 'Fayoum', 'Dallah', 'شارع جامعة، عمارة النور، الطابق الثالث', 3500.00, 'apartment', 2, 1, 95.00, true, true, true, true, ARRAY['واي فاي', 'تكييف', 'مطبخ مجهز', 'سخان مياه'], 245, true, true, 'approved', now() - interval '75 days', now() - interval '80 days'),

('e1000000-0000-0000-0000-000000000002', 'b1000000-0000-0000-0000-000000000001', 'غرفة مؤثثة في دلة', 'غرفة مفروشة بشكل أنيق مثالية لطالب واحد أو طالبة. تحتوي على سرير مفرد، مكتب دراسة، خزانة ملابس، حمام خاص. مدخل مستقل مع قفل إلكتروني.', 'Fayoum', 'Dallah', 'شارع الجلاء، عمارة الأمل', 1500.00, 'room', 1, 1, 25.00, true, true, true, false, ARRAY['واي فاي', 'سخان مياه'], 189, true, false, 'approved', now() - interval '70 days', now() - interval '78 days'),

('e1000000-0000-0000-0000-000000000003', 'b1000000-0000-0000-0000-000000000001', 'استوديو عصري في الحادقة', 'استوديو بتصميم عصري حديث يجمع بين الغرفة والمطبخ في مساحة واحدة أنيقة. يناسب الطلاب الباحثين عن الخصوصية. يطل على شارع هادئ.', 'Fayoum', 'El Hadqa', 'شارع الصفا، عمارة الريادة', 2800.00, 'studio', 1, 1, 45.00, true, true, true, true, ARRAY['واي فاي', 'تكييف', 'مطبخ مجهز'], 312, true, true, 'approved', now() - interval '65 days', now() - interval '76 days'),

('e1000000-0000-0000-0000-000000000004', 'b1000000-0000-0000-0000-000000000001', 'شقة مشتركة للطلاب في الحادقة', 'شقة مكونة من 3 غرف مشتركة مع صالة معيشة كبيرة ومطبخ مشترك ومنزلين. مناسبة لطلاب يبحثون عن سكن اقتصادي بجوار الجامعة.', 'Fayoum', 'El Hadqa', 'شارع النصر، عمارة السلام، الطابق الثاني', 1200.00, 'shared', 3, 2, 120.00, true, true, true, true, ARRAY['واي فاي', 'تكييف', 'مطبخ مجهز', 'غرفة معيشة'], 156, true, false, 'approved', now() - interval '60 days', now() - interval '72 days'),

('e1000000-0000-0000-0000-000000000005', 'b1000000-0000-0000-0000-000000000001', 'شقة فاخرة في دلة', 'شقة فاخرة بتشطيبات سوبر لوكس. 3 غرف نوم واسعة، صالة كبيرة، مطبخ أمريكي مجهز بالكامل، 2 حمام، بلكونة تطل على الحديقة. مناسبة لعائلات صغيرة.', 'Fayoum', 'Dallah', 'شارع الحرية، فيلا النخيل', 5500.00, 'apartment', 3, 2, 150.00, true, true, true, true, ARRAY['واي فاي', 'تكييف', 'مطبخ مجهز', 'شرفة', 'مصعد', 'سخان مياه'], 420, true, true, 'approved', now() - interval '55 days', now() - interval '68 days'),

('e1000000-0000-0000-0000-000000000006', 'b1000000-0000-0000-0000-000000000001', 'شقة في الجامعية', 'شقة في قلب حي الجامعية، على بعد خطوات من بوابة جامعة الفيوم الرئيسية. غرفتان نوم، صالة، مطبخ، حمام. مثالية للطلاب.', 'Fayoum', 'El Gamea', 'شارع الجامعة، عمارة الأبطال', 3000.00, 'apartment', 2, 1, 80.00, true, true, true, false, ARRAY['واي فاي', 'تكييف'], 298, true, false, 'approved', now() - interval '50 days', now() - interval '65 days'),

('e1000000-0000-0000-0000-000000000007', 'b1000000-0000-0000-0000-000000000001', 'شقة قيد المراجعة', 'شقة جديدة بإطلالة رائعة على النيل. قيد المراجعة من الإدارة.', 'Fayoum', 'El Masalla', 'شارع النيل، برج الإيمان', 4000.00, 'apartment', 2, 2, 110.00, true, true, true, true, ARRAY['واي فاي', 'تكييف', 'مطبخ مجهز'], 0, true, false, 'pending', NULL, now() - interval '5 days'),

-- Owner 2 (فاطمة) - 7 apartments
('e1000000-0000-0000-0000-000000000008', 'b1000000-0000-0000-0000-000000000002', 'شقة مؤثثة بالكامل للمسلة', 'شقة مثالية للطالبات. مؤثثة بأثاث عصري مع أمن 24 ساعة وموقف سيارات. قريبة من كل الخدمات.', 'Fayoum', 'El Masalla', 'شارع الزيتون، عمارة التعمير', 3200.00, 'apartment', 2, 1, 90.00, true, true, true, true, ARRAY['واي فاي', 'تكييف', 'مطبخ مجهز', 'أمن 24 ساعة', 'موقف سيارات'], 187, true, true, 'approved', now() - interval '72 days', now() - interval '77 days'),

('e1000000-0000-0000-0000-000000000009', 'b1000000-0000-0000-0000-000000000002', 'استوديو صغير أنيق في المسلة', 'استوديو صغير لكنه عملي ومريح. مثالي لطالب أو طالبة تبحث عن خصوصية بسعر معقول.', 'Fayoum', 'El Masalla', 'شارع الصفا، عمارة الزهراء', 2000.00, 'studio', 1, 1, 35.00, true, true, true, false, ARRAY['واي فاي', 'سخان مياه'], 234, true, false, 'approved', now() - interval '68 days', now() - interval '74 days'),

('e1000000-0000-0000-0000-000000000010', 'b1000000-0000-0000-0000-000000000002', 'غرفة مشتركة اقتصادية', 'غرفة في شقة مشتركة مع 2 طلاب آخرين. تحتوي على سرير مكتب خزانة. الحمام والمطبخ مشترك.', 'Fayoum', 'El Gamea', 'شارع الشهداء، عمارة المستقبل', 800.00, 'shared', 1, 1, 18.00, true, true, true, false, ARRAY['واي فاي'], 98, true, false, 'approved', now() - interval '62 days', now() - interval '70 days'),

('e1000000-0000-0000-0000-000000000011', 'b1000000-0000-0000-0000-000000000002', 'شقة عائلية في المسلة', 'شقة واسعة مناسبة لعائلة صغيرة أو مجموعة طلاب. 3 غرف ومطبخ كبير وصالة واسعة.', 'Fayoum', 'El Masalla', 'شارع مصطفى النحاس، عمارة الياسمين', 4500.00, 'apartment', 3, 2, 130.00, true, true, true, true, ARRAY['واي فاي', 'تكييف', 'مطبخ مجهز', 'شرفة'], 165, true, false, 'approved', now() - interval '48 days', now() - interval '60 days'),

('e1000000-0000-0000-0000-000000000012', 'b1000000-0000-0000-0000-000000000002', 'شقة في كمان فارس', 'شقة متميزة في حي كمان فارس الهادئ. مناسبة للمهنيين والطلاب الباحثين عن هدوء.', 'Fayoum', 'Keman Fares', 'شارع كمان فارس، عمارة النصر', 2800.00, 'apartment', 2, 1, 85.00, true, true, true, false, ARRAY['واي فاي', 'تكييف'], 142, true, true, 'approved', now() - interval '45 days', now() - interval '58 days'),

('e1000000-0000-0000-0000-000000000013', 'b1000000-0000-0000-0000-000000000002', 'شقة مخفية', 'شقة موجودة لكنها مخفية مؤقتاً.', 'Fayoum', 'Dallah', 'شارع الزهراء', 2500.00, 'apartment', 1, 1, 60.00, true, true, true, false, ARRAY['واي فاي'], 45, false, false, 'hidden', now() - interval '40 days', now() - interval '55 days'),

('e1000000-0000-0000-0000-000000000014', 'b1000000-0000-0000-0000-000000000002', 'شقة مرفوضة', 'شقة تم رفضها بسبب نقص المعلومات.', 'Fayoum', 'Qahafa', 'شارع قفافة', 1800.00, 'apartment', 1, 1, 50.00, false, true, true, false, ARRAY[], 12, true, false, 'rejected', NULL, now() - interval '10 days'),

-- Owner 3 (عبدالرحمن) - 8 apartments
('e1000000-0000-0000-0000-000000000015', 'b1000000-0000-0000-0000-000000000003', 'شقة حديثة في دار الرماد', 'شقة بتصميم حديث وعصري في حي دار الرماد الهادئ. تكييف مركزي، إنترنت عالي السرعة، مطبخ مجهز.', 'Fayoum', 'Dar El Ramad', 'شارع دار الرماد، مجمع السلام', 3800.00, 'apartment', 2, 2, 100.00, true, true, true, true, ARRAY['واي فاي', 'تكييف', 'مطبخ مجهز', 'سخان مياه'], 356, true, true, 'approved', now() - interval '52 days', now() - interval '63 days'),

('e1000000-0000-0000-0000-000000000016', 'b1000000-0000-0000-0000-000000000003', 'استوديو مميز في الحادقة', 'استوديو بتشطيبات راقية مع إطلالة على الحديقة. مناسب لشخص واحد يبحث عن الراحة.', 'Fayoum', 'El Hadqa', 'شارع الحديقة، برج الإبداع', 2500.00, 'studio', 1, 1, 40.00, true, true, true, true, ARRAY['واي فاي', 'تكييف', 'مطبخ مجهز', 'شرفة'], 278, true, false, 'approved', now() - interval '47 days', now() - interval '59 days'),

('e1000000-0000-0000-0000-000000000017', 'b1000000-0000-0000-0000-000000000003', 'غرفة فاخرة في دلة', 'غرفة فاخرة بتشطيبات سوبر لوكس مع حمام خاص وتكييف. مناسبة لطالب يقدر الخصوصية.', 'Fayoum', 'Dallah', 'شارع النخبة، عمارة التاج', 2200.00, 'room', 1, 1, 22.00, true, true, true, true, ARRAY['واي فاي', 'تكييف', 'سخان مياه'], 198, true, false, 'approved', now() - interval '42 days', now() - interval '56 days'),

('e1000000-0000-0000-0000-000000000018', 'b1000000-0000-0000-0000-000000000003', 'شقة في كمان فارس للعائلات', 'شقة واسعة مناسبة للعائلات الصغيرة. 3 غرف وصالة كبيرة ومطبخ أمريكي.', 'Fayoum', 'Keman Fares', 'شارع المحطة، عمارة الأمل', 4200.00, 'apartment', 3, 2, 140.00, true, true, true, true, ARRAY['واي فاي', 'تكييف', 'مطبخ مجهز', 'شرفة', 'موقف سيارات'], 287, true, true, 'approved', now() - interval '38 days', now() - interval '52 days'),

('e1000000-0000-0000-0000-000000000019', 'b1000000-0000-0000-0000-000000000003', 'شقة مشتركة قرب الجامعة', 'شقة مشتركة من 4 غرف مثالية لطلاب الجامعة. مطبخ وصالة مشتركة.', 'Fayoum', 'El Gamea', 'شارع الجامعة الشرقية', 950.00, 'shared', 4, 2, 150.00, true, true, true, false, ARRAY['واي فاي', 'مطبخ مجهز'], 210, true, false, 'approved', now() - interval '35 days', now() - interval '50 days'),

('e1000000-0000-0000-0000-000000000020', 'b1000000-0000-0000-0000-000000000003', 'استوديو في قفافة', 'استوديو بسيط وعملي في حي قفافة الهادئ. سعر مناسب للطلاب.', 'Fayoum', 'Qahafa', 'شارع قفافة الرئيسي، عمارة البراء', 1800.00, 'studio', 1, 1, 30.00, true, true, true, false, ARRAY['واي فاي'], 89, true, false, 'approved', now() - interval '30 days', now() - interval '48 days'),

('e1000000-0000-0000-0000-000000000021', 'b1000000-0000-0000-0000-000000000003', 'شقة مؤجرة', 'شقة تم إيجارها بالفعل.', 'Fayoum', 'Dallah', 'شارع دلة الرئيسي', 3000.00, 'apartment', 2, 1, 85.00, true, true, true, false, ARRAY['واي فاي', 'تكييف'], 320, false, false, 'rented', now() - interval '45 days', now() - interval '55 days'),

('e1000000-0000-0000-0000-000000000022', 'b1000000-0000-0000-0000-000000000003', 'شقة جديدة في انتظار المراجعة', 'شقة جديدة تمامًا في حي المسلة. بانتظار موافقة الإدارة.', 'Fayoum', 'El Masalla', 'شارع المسلة الجديد', 2700.00, 'apartment', 1, 1, 65.00, true, true, true, false, ARRAY['واي فاي', 'تكييف'], 0, true, false, 'pending', NULL, now() - interval '3 days'),

-- Owner 4 (نورا) - 7 apartments
('e1000000-0000-0000-0000-000000000023', 'b1000000-0000-0000-0000-000000000004', 'استوديو نسائي في المسلة', 'استوديو خاص بالطالبات في عمارة آمنة مع حارس. مؤثث بالكامل.', 'Fayoum', 'El Masalla', 'شارع الزهراء، عمارة آمنة', 2300.00, 'studio', 1, 1, 38.00, true, true, true, true, ARRAY['واي فاي', 'تكييف', 'أمن 24 ساعة', 'سخان مياه'], 276, true, true, 'approved', now() - interval '60 days', now() - interval '67 days'),

('e1000000-0000-0000-0000-000000000024', 'b1000000-0000-0000-0000-000000000004', 'شقة مفروشة في دلة', 'شقة مؤثثة بالكامل بأثاث جديد عصري. 2 غرف ومطبخ وصالة.', 'Fayoum', 'Dallah', 'شارع البستان، عمارة الورود', 3800.00, 'apartment', 2, 1, 88.00, true, true, true, true, ARRAY['واي فاي', 'تكييف', 'مطبخ مجهز', 'غسالة ملابس'], 345, true, true, 'approved', now() - interval '58 days', now() - interval '64 days'),

('e1000000-0000-0000-0000-000000000025', 'b1000000-0000-0000-0000-000000000004', 'شقة في الحادقة للطلاب', 'شقة مثالية للطلاب في حي الحادقة القريب من الجامعة. سعر مناسب ومواصلات سهلة.', 'Fayoum', 'El Hadqa', 'شارع الحادقة، عمارة الشهداء', 2600.00, 'apartment', 2, 1, 75.00, true, true, true, false, ARRAY['واي فاي', 'تكييف'], 201, true, false, 'approved', now() - interval '43 days', now() - interval '54 days'),

('e1000000-0000-0000-0000-000000000026', 'b1000000-0000-0000-0000-000000000004', 'استوديو في كمان فارس', 'استوديو أنيق ومريح في حي كمان فارس. قريب من المواصلات والخدمات.', 'Fayoum', 'Keman Fares', 'شارع كمان فارس، مجمع الهدى', 2200.00, 'studio', 1, 1, 35.00, true, true, true, false, ARRAY['واي فاي', 'سخان مياه'], 167, true, false, 'approved', now() - interval '37 days', now() - interval '51 days'),

('e1000000-0000-0000-0000-000000000027', 'b1000000-0000-0000-0000-000000000004', 'غرفة مفروشة في دار الرماد', 'غرفة مفروشة بشكل بسيط لكن أنيق في حي دار الرماد الهادئ.', 'Fayoum', 'Dar El Ramad', 'شارع دار الرماد، عمارة السلام', 1400.00, 'room', 1, 1, 20.00, true, true, true, false, ARRAY['واي فاي'], 78, true, false, 'approved', now() - interval '25 days', now() - interval '42 days'),

('e1000000-0000-0000-0000-000000000028', 'b1000000-0000-0000-0000-000000000004', 'شقة في قفافة', 'شقة بسيطة وعملية في حي قفافة. مناسبة لمن يبحث عن سكن اقتصادي.', 'Fayoum', 'Qahafa', 'شارع قفافة، عمارة التوفيق', 1600.00, 'apartment', 1, 1, 55.00, true, true, true, false, ARRAY['واي فاي'], 112, true, false, 'approved', now() - interval '20 days', now() - interval '38 days'),

('e1000000-0000-0000-0000-000000000029', 'b1000000-0000-0000-0000-000000000004', 'شقة جديدة قيد المراجعة', 'شقة جديدة لم تتم مراجعتها بعد.', 'Fayoum', 'El Hadqa', 'شارع الحادقة الجديد', 2900.00, 'apartment', 2, 1, 78.00, true, true, true, false, ARRAY['واي فاي', 'تكييف'], 0, true, false, 'pending', NULL, now() - interval '2 days');

-- ============================================
-- 4. Favorites (15)
-- ============================================

INSERT INTO favorites (user_id, apartment_id, created_at) VALUES
('d1000000-0000-0000-0000-000000000001', 'e1000000-0000-0000-0000-000000000001', now() - interval '70 days'),
('d1000000-0000-0000-0000-000000000001', 'e1000000-0000-0000-0000-000000000005', now() - interval '65 days'),
('d1000000-0000-0000-0000-000000000001', 'e1000000-0000-0000-0000-000000000015', now() - interval '50 days'),
('d1000000-0000-0000-0000-000000000002', 'e1000000-0000-0000-0000-000000000008', now() - interval '68 days'),
('d1000000-0000-0000-0000-000000000002', 'e1000000-0000-0000-0000-000000000023', now() - interval '62 days'),
('d1000000-0000-0000-0000-000000000003', 'e1000000-0000-0000-0000-000000000003', now() - interval '55 days'),
('d1000000-0000-0000-0000-000000000003', 'e1000000-0000-0000-0000-000000000018', now() - interval '40 days'),
('d1000000-0000-0000-0000-000000000004', 'e1000000-0000-0000-0000-000000000023', now() - interval '58 days'),
('d1000000-0000-0000-0000-000000000004', 'e1000000-0000-0000-0000-000000000024', now() - interval '52 days'),
('d1000000-0000-0000-0000-000000000005', 'e1000000-0000-0000-0000-000000000006', now() - interval '45 days'),
('d1000000-0000-0000-0000-000000000005', 'e1000000-0000-0000-0000-000000000015', now() - interval '38 days'),
('d1000000-0000-0000-0000-000000000006', 'e1000000-0000-0000-0000-000000000016', now() - interval '42 days'),
('d1000000-0000-0000-0000-000000000007', 'e1000000-0000-0000-0000-000000000012', now() - interval '35 days'),
('d1000000-0000-0000-0000-000000000008', 'e1000000-0000-0000-0000-000000000002', now() - interval '30 days'),
('d1000000-0000-0000-0000-000000000008', 'e1000000-0000-0000-0000-000000000024', now() - interval '25 days');

-- ============================================
-- 5. Reviews (10)
-- ============================================

INSERT INTO reviews (user_id, apartment_id, rating, comment, created_at) VALUES
('d1000000-0000-0000-0000-000000000001', 'e1000000-0000-0000-0000-000000000001', 5, 'شقة ممتازة جداً! المكان نظيف والأثاث جديد. المالك محترم وسريع في الرد. أنصح بها بشدة.', now() - interval '60 days'),
('d1000000-0000-0000-0000-000000000002', 'e1000000-0000-0000-0000-000000000008', 4, 'شقة جيدة بشكل عام. الموقع ممتاز والثمن مناسب. المطبخ محتاج شوية تحسين.', now() - interval '55 days'),
('d1000000-0000-0000-0000-000000000003', 'e1000000-0000-0000-0000-000000000003', 5, 'أفضل استوديو في الفيوم! التصميم عصري والمكان مريح جداً. الواي فاي سريع.', now() - interval '50 days'),
('d1000000-0000-0000-0000-000000000004', 'e1000000-0000-0000-0000-000000000023', 4, 'استوديو آمن ومريح للطالبات. الحارس محترم والمكان نظيف. بس الصوت عالي من الشارع.', now() - interval '45 days'),
('d1000000-0000-0000-0000-000000000005', 'e1000000-0000-0000-0000-000000000006', 3, 'شقة عادية. الموقع ممتاز بس الأثاث قديم شوية. الحمام محتاج تجديد.', now() - interval '40 days'),
('d1000000-0000-0000-0000-000000000006', 'e1000000-0000-0000-0000-000000000016', 5, 'استوديو رائع! التكييف شغال ممتاز والمطبخ مجهز بالكامل. سعر مناسب جداً.', now() - interval '35 days'),
('d1000000-0000-0000-0000-000000000001', 'e1000000-0000-0000-0000-000000000005', 5, 'شقة فاخرة تستحق كل فلس. الإطلالة رائعة والتشطيبات سوبر لوكس.', now() - interval '30 days'),
('d1000000-0000-0000-0000-000000000007', 'e1000000-0000-0000-0000-000000000012', 4, 'شقة ممتازة في حي هادئ. مناسبة للدراسة. بس بعيدة شوية عن الجامعة.', now() - interval '25 days'),
('d1000000-0000-0000-0000-000000000008', 'e1000000-0000-0000-0000-000000000002', 4, 'غرفة صغيرة لكن نظيفة ومريحة. المالك محترم ومتعاون.', now() - interval '20 days'),
('d1000000-0000-0000-0000-000000000003', 'e1000000-0000-0000-0000-000000000018', 5, 'شقة ممتازة للعائلات. واسعة ومجهزة بالكامل. الحديقة أمام العمارة جميلة.', now() - interval '15 days');

-- ============================================
-- 6. Messages (15 conversations/messages)
-- ============================================

INSERT INTO messages (sender_id, receiver_id, apartment_id, content, is_read, created_at) VALUES
-- Conversation 1: خالد يسأل محمد عن الشقة
('d1000000-0000-0000-0000-000000000001', 'b1000000-0000-0000-0000-000000000001', 'e1000000-0000-0000-0000-000000000001', 'السلام عليكم، هل الشقة متاحة حالياً؟', true, now() - interval '70 days'),
('b1000000-0000-0000-0000-000000000001', 'd1000000-0000-0000-0000-000000000001', 'e1000000-0000-0000-0000-000000000001', 'وعليكم السلام! أيوه الشقة متاحة. تبي تيجي تشوفها؟', true, now() - interval '70 days' + interval '2 hours'),
('d1000000-0000-0000-0000-000000000001', 'b1000000-0000-0000-0000-000000000001', 'e1000000-0000-0000-0000-000000000001', 'أيوه لو سمحت، إمتى يناسبك؟', true, now() - interval '70 days' + interval '3 hours'),
('b1000000-0000-0000-0000-000000000001', 'd1000000-0000-0000-0000-000000000001', 'e1000000-0000-0000-0000-000000000001', 'بكرة بعد العصر يناسبك؟ الساعة 3.', true, now() - interval '70 days' + interval '4 hours'),

-- Conversation 2: ريم تسأل فاطمة
('d1000000-0000-0000-0000-000000000002', 'b1000000-0000-0000-0000-000000000002', 'e1000000-0000-0000-0000-000000000008', 'مرحباً، هل الاستوديو مناسب لطالبة؟', true, now() - interval '65 days'),
('b1000000-0000-0000-0000-000000000002', 'd1000000-0000-0000-0000-000000000002', 'e1000000-0000-0000-0000-000000000008', 'أكيد! العمارة فيها حارسة والمكان آمن جداً.', true, now() - interval '65 days' + interval '1 hour'),

-- Conversation 3: ياسر يسأل عبدالرحمن
('d1000000-0000-0000-0000-000000000003', 'b1000000-0000-0000-0000-000000000003', 'e1000000-0000-0000-0000-000000000015', 'الشقة فيها غسالة ملابس؟', true, now() - interval '50 days'),
('b1000000-0000-0000-0000-000000000003', 'd1000000-0000-0000-0000-000000000003', 'e1000000-0000-0000-0000-000000000015', 'لا بس فيه مكان مخصص لها. ممكن تشتري غسالة صغيرة.', true, now() - interval '50 days' + interval '30 minutes'),

-- Conversation 4: هدى ترسل لفاطمة
('d1000000-0000-0000-0000-000000000004', 'b1000000-0000-0000-0000-000000000002', 'e1000000-0000-0000-0000-000000000023', 'هل فيه مواقف سيارات قريبة؟', true, now() - interval '55 days'),

-- Conversation 5: فيصل يسأل عن الشقة المشتركة
('d1000000-0000-0000-0000-000000000005', 'b1000000-0000-0000-0000-000000000001', 'e1000000-0000-0000-0000-000000000004', 'الشقة المشتركة فيها كام شخص حالياً؟', false, now() - interval '45 days'),
('b1000000-0000-0000-0000-000000000001', 'd1000000-0000-0000-0000-000000000005', 'e1000000-0000-0000-0000-000000000004', 'حالياً شخصين. فيه غرفة فاضية وحدة.', false, now() - interval '45 days' + interval '1 hour'),

-- Conversation 6: مريم تراسل نورا
('d1000000-0000-0000-0000-000000000006', 'b1000000-0000-0000-0000-000000000004', 'e1000000-0000-0000-0000-000000000024', 'هل الشقة فيها غسالة؟', true, now() - interval '42 days'),
('b1000000-0000-0000-0000-000000000004', 'd1000000-0000-0000-0000-000000000006', 'e1000000-0000-0000-0000-000000000024', 'أيوه شوفها، الغسالة موجودة في المطبخ.', false, now() - interval '42 days' + interval '2 hours'),

-- Conversation 7: عثمان يسأل
('d1000000-0000-0000-0000-000000000007', 'b1000000-0000-0000-0000-000000000003', 'e1000000-0000-0000-0000-000000000018', 'ممكن أشوف الشقة النهاردة؟', true, now() - interval '35 days'),
('b1000000-0000-0000-0000-000000000003', 'd1000000-0000-0000-0000-000000000007', 'e1000000-0000-0000-0000-000000000018', 'طبعاً! ابعتلي رقمك وأتفق معاك.', false, now() - interval '35 days' + interval '30 minutes');

-- ============================================
-- 7. Notifications (20)
-- ============================================

INSERT INTO notifications (user_id, title, message, type, is_read, created_at) VALUES
-- For Owner 1
('b1000000-0000-0000-0000-000000000001', 'تمت إضافة شقتك', 'تم إضافة شقة "شقة مفروشة بالكامل في دلة" بنجاح وقيد المراجعة.', 'success', true, now() - interval '80 days'),
('b1000000-0000-0000-0000-000000000001', 'الشقة اعتمدت!', 'تم اعتماد شقتك "شقة مفروشة بالكامل في دلة" وهي الآن متاحة للبحث.', 'success', true, now() - interval '75 days'),
('b1000000-0000-0000-0000-000000000001', 'تقييم جديد', 'أحمد أضاف تقييم 5 نجوم لشقتك في دلة.', 'info', true, now() - interval '60 days'),
('b1000000-0000-0000-0000-000000000001', 'رسالة جديدة', 'خالد أرسل لك رسالة بخصوص الشقة.', 'info', true, now() - interval '70 days'),
('b1000000-0000-0000-0000-000000000001', 'شقة جديدة قيد المراجعة', 'أضفت شقة جديدة "شقة قيد المراجعة". سيتم مراجعتها من الإدارة.', 'warning', false, now() - interval '5 days'),

-- For Owner 2
('b1000000-0000-0000-0000-000000000002', 'مرحباً بك في سكني', 'مرحباً فاطمة! أضف شققك الآن لتبدأ في استقبال الطلاب.', 'info', true, now() - interval '77 days'),
('b1000000-0000-0000-0000-000000000002', 'تقييم جديد', 'ريم أضاف تقييم 4 نجوم لشقة المسلة.', 'info', true, now() - interval '55 days'),
('b1000000-0000-0000-0000-000000000002', 'رسالة جديدة', 'ريم سألت عن الاستوديو.', 'info', true, now() - interval '65 days'),

-- For Students
('d1000000-0000-0000-0000-000000000001', 'مرحباً بك في سكني', 'مرحباً خالد! ابحث عن سكن مناسب بالقرب من جامعتك.', 'info', true, now() - interval '60 days'),
('d1000000-0000-0000-0000-000000000001', 'شقة جديدة متاحة', 'شقة جديدة في حي دلة متاحة الآن بالقرب من جامعتك!', 'info', false, now() - interval '5 days'),
('d1000000-0000-0000-0000-000000000002', 'تمت الإضافة للمفضلة', 'تمت إضافة استوديو المسلة للمفضلة بنجاح.', 'success', true, now() - interval '62 days'),
('d1000000-0000-0000-0000-000000000002', 'شقة جديدة في كمان فارس', 'شقة جديدة مميزة في حي كمان فارس. لا تفوتها!', 'info', false, now() - interval '3 days'),
('d1000000-0000-0000-0000-000000000003', 'رد على رسالتك', 'عبدالرحمن رد على رسالتك بخصوص الشقة.', 'info', true, now() - interval '50 days'),
('d1000000-0000-0000-0000-000000000004', 'تقييمك تم نشره', 'تقييمك لاستوديو المسلة ظهر الآن.', 'success', true, now() - interval '45 days'),
('d1000000-0000-0000-0000-000000000005', 'شقة جديدة بالقرب منك', 'شقة في حي الجامعية متاحة بسعر مناسب!', 'info', false, now() - interval '7 days'),
('d1000000-0000-0000-0000-000000000006', 'مرحباً بك في سكني', 'مرحباً مريم! ابحث عن سكن مثالي.', 'info', true, now() - interval '35 days'),

-- For Admin
('a1000000-0000-0000-0000-000000000001', 'شقة جديدة بانتظار المراجعة', 'تم إضافة شقة جديدة من المالك محمد. بانتظار مراجعتك.', 'warning', true, now() - interval '75 days'),
('a1000000-0000-0000-0000-000000000001', 'شقة جديدة بانتظار المراجعة', 'شقة جديدة "شقة قيد المراجعة" بانتظار موافقتك.', 'warning', false, now() - interval '5 days'),
('a1000000-0000-0000-0000-000000000001', 'شقة جديدة بانتظار المراجعة', 'شقة جديدة "شقة جديدة قيد المراجعة" بانتظار مراجعتك.', 'warning', false, now() - interval '2 days');

-- ============================================
-- 8. Apartment Reports (3)
-- ============================================

INSERT INTO apartment_reports (user_id, apartment_id, reason, status, created_at) VALUES
('d1000000-0000-0000-0000-000000000003', 'e1000000-0000-0000-0000-000000000010', 'معلومات غير صحيحة - السعر المعلن مختلف عن الفعلي', 'reviewing', now() - interval '40 days'),
('d1000000-0000-0000-0000-000000000005', 'e1000000-0000-0000-0000-000000000014', 'الشقة غير مطابقة للصور المعروضة', 'resolved', now() - interval '30 days'),
('d1000000-0000-0000-0000-000000000007', 'e1000000-0000-0000-0000-000000000027', 'الشقة غير متاحة رغم الإعلان', 'pending', now() - interval '10 days');
